id,date,title,slug,url
4,2014-04-21 00:03:04,Home,home,/home
5,2014-04-21 00:03:04,About Us,about-us,/about-us
7,2014-04-21 00:03:04,Blog,blog,/blog
12,2014-04-21 00:08:00,Professional Learning,online-learning,/online-learning
14,2014-04-21 00:08:09,Events,page-14,/page-14
16,2014-04-21 00:08:39,Certification,certification,/certification
18,2014-04-21 00:08:56,Resources,resources,/resources
20,2014-04-21 00:09:06,Services,services,/services
82,2014-04-21 00:26:40,Affiliates,affiliates,/affiliates
84,2014-04-21 00:27:08,James Anderson,james-anderson,/james-anderson
87,2014-04-21 00:27:24,Karen Boyes,karen-boyes,/karen-boyes
89,2014-04-21 00:27:37,Ricky Chan,ricky-chan,/ricky-chan
91,2014-04-21 00:27:52,Anson Chen,anson-chen,/anson-chen
93,2014-04-21 00:28:59,Michele De Bellis,michele-de-bellis,/michele-de-bellis
95,2014-04-21 00:29:20,Henry Toi,henry-toi,/henry-toi
97,2014-04-21 00:29:31,Graham Watts,graham-watts,/graham-watts
132,2014-04-28 02:12:04,Mort Sherman,mort-sherman,/mort-sherman
139,2014-04-28 02:28:37,HOM Ambassadors,hom-ambassadors,/hom-ambassadors
144,2014-04-28 02:33:26,HOM Certified Schools,hom-certified-schools,/hom-certified-schools
148,2014-04-28 02:38:28,Professional Development Trainers,professional-development-trainers,/professional-development-trainers
151,2014-04-28 02:43:29,James Anderson,james-anderson,/james-anderson
155,2014-04-28 02:46:03,Karen Boyes,karen-boyes,/karen-boyes
160,2014-04-28 02:49:06,Associate Trainers,associatetrainers,/associatetrainers
162,2014-04-28 02:49:36,"Articles, Research & Blogs",articles-research,/articles-research
164,2014-04-28 02:49:58,Assessments,assessments,/assessments
166,2014-04-28 02:50:27,Bibliography of Student Books,bibliography-student-books,/bibliography-student-books
168,2014-04-28 02:50:45,Multimedia Examples,multimedia-examples,/multimedia-examples
170,2014-04-28 02:51:08,Quotes,quotes,/quotes
182,2014-04-28 02:58:41,Pat Buoncristiani,pat-buoncristiani,/pat-buoncristiani
187,2014-04-28 03:02:45,Ricky Chan,ricky-chan,/ricky-chan
191,2014-04-28 03:06:08,Anson Chen,anson-chen,/anson-chen
194,2014-04-28 03:07:12,"Michele De Bellis, Ed.D.",michele-de-bellis-ed-d,/michele-de-bellis-ed-d
197,2014-04-28 03:08:18,"Elizabeth English, Ph.D.",elizabeth-english-ph-d,/elizabeth-english-ph-d
200,2014-04-28 03:09:21,Lucila Garza,lucila-garza,/lucila-garza
203,2014-04-28 03:10:19,Carol Hill,carol-hill,/carol-hill
206,2014-04-28 03:11:15,Dana Lesperance,dana-lesperance,/dana-lesperance
209,2014-04-28 03:12:02,Carol T. Lloyd,carol-t-lloyd,/carol-t-lloyd
212,2014-04-28 03:12:57,Doreen Miori-Merola,doreen-miori-merola,/doreen-miori-merola
215,2014-04-28 03:13:51,Lai Peng,lai-peng,/lai-peng
218,2014-04-28 03:14:41,Nancy Skerritt,nancy-skerritt,/nancy-skerritt
221,2014-04-28 03:15:32,Henry Toi,henry-toi,/henry-toi
224,2014-04-28 03:16:20,Graham Watts,graham-watts,/graham-watts
227,2014-04-28 03:17:15,Scott Wright,scott-wright,/scott-wright
260,2014-04-28 15:04:16,"2014 ASCD Conference on Education Leadership, October 31- November 2, 2014",2014-ascd-conference-education-leadership-october-31-november-2-2014,/2014-ascd-conference-education-leadership-october-31-november-2-2014
263,2014-04-28 15:06:14,"IHOM Training with Professional Developer, Scott Wright",ihom-training-professional-developer-scott-wright,/ihom-training-professional-developer-scott-wright
270,2014-04-28 15:10:33,Habits of Mind Boot Camp & Leadership Challenge July 2014,habits-mind-boot-camp-leadership-challenge-july-2014,/habits-mind-boot-camp-leadership-challenge-july-2014
277,2014-04-28 15:16:54,"2014 ASCD Conference on Teaching Excellence, June 27-29, 2014",2014-ascd-conference-teaching-excellence-june-27-29-2014,/2014-ascd-conference-teaching-excellence-june-27-29-2014
288,2014-04-28 17:34:57,Parents,parents,/parents
297,2014-05-01 02:36:56,Habits of Mind Expo: Learning & Leading with Habits of Mind: A Whole School Approach,habits-mind-expo-learning-leading-habits-mind-whole-school-approach,/habits-mind-expo-learning-leading-habits-mind-whole-school-approach
302,2014-05-01 02:44:20,Testimonials,testimonials,/testimonials
324,2014-05-07 11:17:27,About Us,us,/us
328,2014-05-07 11:32:40,Organizations Supporting HOM,organizations-supporting-hom,/organizations-supporting-hom
336,2014-05-07 11:49:11,Describing 16 Habits of Mind,hear-art,/hear-art
345,2014-05-07 11:56:49,HOM Quotes,hom-quotes,/hom-quotes
349,2014-05-07 12:00:58,Artifacts from Schools,artifacts,/artifacts
356,2014-05-07 12:24:04,FAQs,faqs,/faqs
358,2014-05-07 12:25:06,FAQs,faqs,/faqs
360,2014-05-07 12:26:13,Privacy Statement,privacy-statement,/privacy-statement
362,2014-05-07 12:27:06,Terms and Conditions,terms-conditions,/terms-conditions
371,2014-05-07 16:18:41,Blog,blog,/blog
373,2014-05-07 16:22:34,4 Steps Down The Road for Success with CCSS,4-steps-road-success-ccss,/4-steps-road-success-ccss
377,2014-05-07 16:49:02,Habits of Mind: Dispositions of Success,habits-mind-dispositions-success,/habits-mind-dispositions-success
384,2014-05-09 00:58:53,Quotes About Habits,quotes-habits,/quotes-habits
386,2014-05-09 01:02:44,Modeling HOM,modeling-hom,/modeling-hom
388,2014-05-09 01:04:14,1. Persisting,1-persisting,/1-persisting
392,2014-05-09 01:10:08,3. Listening with Understanding and Empathy,3-listening-understanding-empathy,/3-listening-understanding-empathy
400,2014-05-11 13:36:47,Search,search,/search
407,2014-05-11 15:06:39,Store,shop,/shop
408,2014-05-11 15:06:40,Cart,cart,/cart
409,2014-05-11 15:06:40,Checkout,checkout,/checkout
410,2014-05-11 15:06:40,My Account,my-account,/my-account
413,2014-05-13 19:40:50,4. Thinking Flexibly,4-thinking-flexibly,/4-thinking-flexibly
415,2014-05-13 19:41:43,5. Thinking About Thinking (Metacognition),5-thinking-thinking-metacognition,/5-thinking-thinking-metacognition
417,2014-05-13 19:42:20,6. Striving for Accuracy,6-striving-accuracy,/6-striving-accuracy
419,2014-05-13 19:43:03,7. Questioning and Posing Problems,7-questioning-posing-problems,/7-questioning-posing-problems
421,2014-05-13 19:43:56,8. Applying Past Knowledge,8-applying-past-knowledge,/8-applying-past-knowledge
423,2014-05-13 19:44:39,9. Thinking and Communicating with Clarity,9-thinking-communicating-clarity,/9-thinking-communicating-clarity
425,2014-05-13 19:45:41,10. Gathering Data Through All Senses,10-gathering-data-senses,/10-gathering-data-senses
427,2014-05-13 19:46:29,"11. Creating, Imagining, Innovating",11-creating-imagining-innovating,/11-creating-imagining-innovating
429,2014-05-13 19:47:30,12. Responding with Wonderment and Awe,12-responding-wonderment-awe,/12-responding-wonderment-awe
431,2014-05-13 19:48:25,13. Taking Responsible Risks,13-taking-responsible-risks,/13-taking-responsible-risks
433,2014-05-13 19:49:09,14. Finding Humor,14-finding-humor,/14-finding-humor
449,2014-05-16 23:59:21,15. Thinking Interdependently,15-thinking-interdependently,/15-thinking-interdependently
451,2014-05-17 00:01:23,16. Remaining Open to Continuous Learning,16-remaining-open-continuous-learning,/16-remaining-open-continuous-learning
460,2014-05-17 00:55:21,Partners,partners,/partners
462,2014-05-17 00:55:42,WonderGrove,wondergrove,/wondergrove
464,2014-05-17 00:56:04,EduPlanet,eduplanet,/eduplanet
507,2014-05-21 11:50:58,Professional Development Trainers,professional-development-trainers,/professional-development-trainers
603,2014-05-26 01:39:31,Bena Kallick,bena-kallick,/bena-kallick
605,2014-05-26 01:40:24,Art Costa,art-costa,/art-costa
728,2014-06-02 00:13:00,Online Learning,online-learning,/online-learning
730,2014-06-02 00:15:17,Professional Learning Options,professional-learning-options,/professional-learning-options
743,2014-06-02 00:50:46,Habits of Mind and WonderGrove Studios Launch,habits-mind-wondergrove-studios-launch,/habits-mind-wondergrove-studios-launch
805,2014-08-25 16:46:37,Thinking Collaborative Presenters\,thinking-collaborative-presenters-forum,/thinking-collaborative-presenters-forum
809,2014-08-25 16:54:37,Learning and Leading with Habits of Mind,learning-leading-habits-mind,/learning-leading-habits-mind
813,2014-08-25 23:10:43,Teachers Matter Conference 2015 - Simply the Best,teachers-matter-conference-2015-simply-best,/teachers-matter-conference-2015-simply-best
845,2014-09-03 17:01:09,"Global MindED - June 18 - 19, 2015 - Denver, Colorado",global-minded-june-18-19-2015-denver-colorado,/global-minded-june-18-19-2015-denver-colorado
874,2014-09-23 11:02:07,"International Visible Thinking Conference,  March 12 - 14, 2015",international-visible-thinking-conference-march-12-14-2015,/international-visible-thinking-conference-march-12-14-2015
892,2014-09-29 22:34:03,What\,whats-new,/whats-new
895,2014-09-29 22:37:55,"Articles, Research and Blogs",articles-research-blogs,/articles-research-blogs
904,2014-09-30 13:01:08,"Gifted Education Conference, October 11, 2014 – Keynote Speaker, Art Costa",gifted-education-conference-october-11-2014-keynote-speaker-art-costa,/gifted-education-conference-october-11-2014-keynote-speaker-art-costa
907,2014-09-30 21:35:47,Free Resources,free-resources,/free-resources
970,2014-10-13 13:12:51,Ingrid Beekhuizen,ingrid-beekhuizen,/ingrid-beekhuizen
986,2014-11-01 15:44:57,"The Ultimate Ask an Expert - Art Costa answers your questions! - December 11, 1014",ultimate-ask-expert-art-costa-answers-questions,/ultimate-ask-expert-art-costa-answers-questions
1008,2014-11-12 19:51:44,Archived Newsletters and Blogs,archived-newsletters-blogs,/archived-newsletters-blogs
1012,2014-11-17 23:54:06,HOM in Other Languages,hom-languages,/hom-languages
1028,2014-11-20 12:46:47,"The Ultimate Ask an Expert - Thursday, December 11, 2014",ultimate-ask-expert-thursday-december-11-2014,/ultimate-ask-expert-thursday-december-11-2014
1041,2014-12-03 01:42:38,Holiday Offers!,holiday-offers,/holiday-offers
1052,2014-12-04 18:14:57,Holiday Promotions!,holiday-promotions,/holiday-promotions
1139,2015-02-13 18:41:28,Event Registration,eventreg,/eventreg
1172,2015-02-17 17:05:31,Registration Checkout,registration-checkout,/registration-checkout
1173,2015-02-17 17:05:31,Transactions,transactions,/transactions
1174,2015-02-17 17:05:31,Thank You,thank-you,/thank-you
1175,2015-02-17 17:05:31,Registration Cancelled,registration-cancelled,/registration-cancelled
1196,2015-03-03 13:15:01,Think+,think,/think
1266,2015-05-19 15:21:31,Summit,summit,/summit
1298,2015-06-09 16:37:47,Summit - Day 2 Registration,summitday2,/summitday2
1302,2015-06-09 18:04:25,Summit Day 2 Registration FIU,summitday2fiu,/summitday2fiu
1316,2015-07-14 21:06:00,Summit Questions,summitqs,/summitqs
1355,2015-07-28 00:00:02,Register,register,/register
1360,2015-07-28 00:10:39,Login,login,/login
1376,2015-07-28 01:21:12,Lost Password,lost-password,/lost-password
1410,2015-08-11 15:31:09,United States,united-states,/united-states
1412,2015-08-11 15:31:38,International,international,/international
1418,2015-08-13 14:32:52,Lynn Yribarren,lynn-yribarren,/lynn-yribarren
1420,2015-08-13 14:33:41,FIU - Charles Wyche,fiu,/fiu
1424,2015-08-13 14:58:11,Flavia Iuspa,flavia-iuspa,/flavia-iuspa
1427,2015-08-13 15:03:15,Maria Alvarez Tsalikis,maria-alvarez-tsalikis,/maria-alvarez-tsalikis
1430,2015-08-13 15:10:57,George E. O\,george-e-obrien,/george-e-obrien
1433,2015-08-13 15:24:17,Charles Wyche,charles-wyche,/charles-wyche
1435,2015-08-13 15:25:07,Barbara L. Johnson,barbara-l-johnson,/barbara-l-johnson
1437,2015-08-13 15:27:42,Mickey Weiner,mickey-weiner,/mickey-weiner
1439,2015-08-13 15:30:15,Daniela Fenu Foerch,daniela-fenu-foerch,/daniela-fenu-foerch
1443,2015-08-13 15:55:46,Erskine S. Dottin,erskine-s-dottin,/erskine-s-dottin
1450,2015-08-13 16:08:24,Pat Mullikin,pat-mullikin,/pat-mullikin
1452,2015-08-13 16:11:44,Juanita Henry,juanitahenry,/juanitahenry
1461,2015-08-20 17:52:50,What are Habits of Mind?,what-is-habits-of-mind,/what-is-habits-of-mind
1474,2015-09-04 12:31:46,Cal Hauserman,cal-hauserman,/cal-hauserman
1497,2015-10-09 12:56:31,Rinke Huisman,rinke-huisman,/rinke-huisman
1499,2015-10-09 13:00:00,Tom Witjes,tom-witjes,/tom-witjes
1565,2015-11-03 20:28:36,No Access,no-access,/no-access
1665,2016-03-14 14:27:59,"LaNora James, Ed.D.",lanora-james,/lanora-james
1673,2016-03-28 14:00:32,Habits Blogs,habits-blog,/habits-blog
1708,2016-06-17 14:18:10,New Orleans,neworleans,/neworleans
1744,2016-07-29 12:12:31,Wilder Schools,wilderschools,/wilderschools
1770,2016-08-07 12:06:30,Furr High School,furrhsxq,/furrhsxq
1836,2016-09-25 19:46:04,Dracut Public Schools,dracut,/dracut
1859,2016-10-05 12:23:31,Montecito,montecito,/montecito
1873,2016-10-13 15:44:03,South Fayette,southfayette,/southfayette
1879,2016-10-14 15:50:26,Western PA Collab,westernpacollab,/westernpacollab
1914,2016-11-01 13:07:49,Berlin,berlin,/berlin
1938,2016-11-15 16:51:23,Vista,vista,/vista
2001,2016-11-23 21:03:49,Australia - Certified Schools,australia-certified-schools,/australia-certified-schools
2006,2016-11-25 13:33:22,United States - Certified Schools,united-states-certified-schools,/united-states-certified-schools
2010,2016-11-25 12:28:06,New Zealand - Certified Schools,new-zealand-certified-schools,/new-zealand-certified-schools
2013,2016-11-25 12:36:55,Singapore - Certified Schools,singapore-certified-schools,/singapore-certified-schools
2016,2016-11-25 12:50:21,United Kingdom - Certified Schools,united-kingdom-certified-schools,/united-kingdom-certified-schools
2115,2016-12-06 13:38:08,Region 1,region1,/region1
2165,2016-12-14 01:03:04,International Professional Development Trainers,pd-international,/pd-international
2167,2016-12-14 01:04:50,United States Professional Development Trainers,pd-united-states,/pd-united-states
2279,2016-12-21 20:12:31,WonderGrove Animations,wondergrove-widget,/wondergrove-widget
2386,2017-01-29 00:07:01,International Self-Directed Learning Conference,self-directed,/self-directed
2403,2017-02-06 15:25:25,Collaborate South Florida Conference,collab,/collab
2445,2017-03-06 15:20:35,Saint Vincent College,stv,/stv
2455,2017-03-13 00:24:35,Humble Independent School District,humble,/humble
2457,2017-03-13 00:49:30,Hampton Public Schools,hampton,/hampton
2473,2017-03-31 13:57:36,Sandra Christensen Brace,sandra-christensen-brace,/sandra-christensen-brace
2477,2017-03-31 19:29:20,"Daniel Vollrath, Ed.D.",daniel-vollrath-ed-d,/daniel-vollrath-ed-d
2521,2017-05-03 18:40:37,Berlin,berlin2,/berlin2
2548,2017-06-01 13:02:03,Humble Independent School District,humble6,/humble6
2554,2017-06-01 18:41:07,MICDS,micds,/micds
2568,2017-06-05 11:34:22,Humble Independent School District,humble7,/humble7
2571,2017-06-05 11:53:18,MICDS,micds2,/micds2
2586,2017-06-09 12:09:48,Vista Unified School District,vistausd,/vistausd
2588,2017-06-09 12:30:26,Vista HS,vistahs,/vistahs
2646,2017-07-13 12:17:40,Michelle Bunder,michellebunder,/michellebunder
2660,2017-07-31 22:24:43,Lower Merion,lowermerion,/lowermerion
2701,2017-09-11 01:33:37,Search Results,omega-search,/omega-search
2714,2017-09-29 10:10:17,"Blog Series by Daniel Vollrath, Ed.D.",blog-series-daniel-vollrath,/blog-series-daniel-vollrath
2752,2017-10-30 10:31:58,"Blog Series by Nick Bruski, Ed.D.",blog-series-nick-bruski,/blog-series-nick-bruski
2772,2017-11-02 12:09:35,NYASCD,nyascd,/nyascd
2839,2018-01-04 17:50:15,Audri Miller,audri-miller,/audri-miller
2845,2018-01-04 17:59:57,Bob Feurer,bob-feurer,/bob-feurer
2850,2018-01-05 20:35:22,Seth Brown,seth-brown,/seth-brown
2866,2018-02-02 19:59:58,ASCD,ascd,/ascd
2897,2018-02-04 18:28:09,25th Anniversary Virtual Tours,25th-anniversary-virtual-tours,/25th-anniversary-virtual-tours
2920,2018-02-22 18:40:14,Subject Based Habits of Mind,subject-based-habits-mind,/subject-based-habits-mind
2928,2018-02-25 12:06:20,Self-Confidence with the Habits of Mind,self-confidence-habits-mind,/self-confidence-habits-mind
2932,2018-02-25 12:14:33,Building Community with the Habits of Mind,building-community-habits-mind,/building-community-habits-mind
2934,2018-02-25 12:29:08,Exploration with the Habits of Mind,exploration-habits-mind,/exploration-habits-mind
2937,2018-02-25 12:47:47,The Power of Reflection - Metacognitive Awareness,power-reflection-metacognitive-awareness,/power-reflection-metacognitive-awareness
3027,2018-02-27 17:04:03,Blogs by Art Costa & Bena Kallick,blogs-art-costa-bena-kallick,/blogs-art-costa-bena-kallick
3029,2018-02-27 17:06:25,Blogs by Allison Zmuda,blogs-allison-zmuda,/blogs-allison-zmuda
3056,2018-03-01 19:39:21,Persisting Blog,persisting-blog,/persisting-blog
3061,2018-03-05 01:56:20,Students at the Center: Discovering Who They Are by Learning the Habits of Mind,empower18precon,/empower18precon
3134,2018-03-11 02:32:24,Teacher Perceptions on Infusing Habits of Mind,teacher-perceptions-infusing-habits-mind,/teacher-perceptions-infusing-habits-mind
3159,2018-03-16 17:01:01,HABITS OF MIND: A Forward Retrospective,empower18hom,/empower18hom
3228,2018-04-05 16:30:36,"Special Education Blog Series by Daniel Vollrath, Ed.D.",special-education-blog-series-daniel-vollrath-ed-d,/special-education-blog-series-daniel-vollrath-ed-d
3241,2018-04-05 17:44:27,Why Habits of Mind & Special Education?,habits-mind-special-education,/habits-mind-special-education
3254,2018-04-23 18:55:10,ICOT 18,icot18ad,/icot18ad
3278,2018-04-26 11:46:10,Library of Activities,activites,/activites
3290,2018-05-07 12:06:00,ICOT,icot,/icot
3323,2018-05-30 18:07:16,Elevating the Level of Questioning in Your Classroom,pop18,/pop18
3328,2018-05-31 12:14:58,Executive Functioning with Diverse Learners in the Classroom,executive-functioning-diverse-learners-classroom,/executive-functioning-diverse-learners-classroom
3335,2018-06-04 11:26:32,Personalized Learning Leadership - Moving from Theory to Action,plpgh,/plpgh
3341,2018-06-04 11:53:50,Personalized Learning and Habits of Mind Blogs,personalized-learning-habits-mind-blogs,/personalized-learning-habits-mind-blogs
3374,2018-07-10 11:29:59,"When Communities are Struck by Disaster, Habits of Mind are More Important than Ever",communities-struck-disaster-habits-mind-important-ever,/communities-struck-disaster-habits-mind-important-ever
3382,2018-07-10 23:38:32,Who are the learners in our Executive Functioning classroom?,learners-executive-functioning-classroom,/learners-executive-functioning-classroom
3395,2018-07-26 17:32:57,From Author James Anderson,author-james-anderson,/author-james-anderson
3403,2018-08-14 15:42:50,Seymour Public Schools,seymour,/seymour
3423,2018-09-25 12:46:40,"Individuals First, Learners Second",individuals-first-learners-second,/individuals-first-learners-second
3437,2018-10-09 10:14:02,Tristate,tristate,/tristate
3442,2018-10-17 15:11:35,Greece Central School District,greece,/greece
3460,2018-10-24 15:23:03,Salk School of Science,salk,/salk
3474,2018-10-30 14:33:08,Seaford,seaford,/seaford
3479,2018-11-01 23:20:03,Small Wins for Growing Habits and Skills with Diverse Learners,small-wins-growing-habits-skills-diverse,/small-wins-growing-habits-skills-diverse
3558,2019-01-09 16:16:30,Vista,vista19,/vista19
3582,2019-01-22 15:37:18,“Bite-Size” to “Full-Size” Learners,bite-size-full-size-learners,/bite-size-full-size-learners
3697,2019-03-18 12:48:37,Hurdling Resilience through Habits of Mind,hurdling-resilience-through-habits-of-mind,/hurdling-resilience-through-habits-of-mind
3724,2019-05-15 17:53:05,_TEST,page-3724,/page-3724
41032,2019-05-15 18:12:10,212,212-2,/212-2
53767,2019-05-28 12:31:36,GlobalMindED2019,globalminded2019,/globalminded2019
78890,2019-07-25 15:53:55,Reflecting forward as we head back to school,reflecting-forward-as-we-head-back-to-school,/reflecting-forward-as-we-head-back-to-school
78908,2019-07-25 16:41:59,Blogs by Alan Cooper,blogs-by-alan-cooper,/blogs-by-alan-cooper
78921,2019-07-25 19:10:14,Blogs by Joshua Russell,blogs-by-joshua-russell,/blogs-by-joshua-russell
82139,2019-08-12 16:24:25,Blogs by Keith Mason,blogs-by-keith-mason,/blogs-by-keith-mason
84325,2019-08-17 03:55:29,Habits of Mind and Resiliency: Tools for Success,habits-of-mind-and-resiliency-tools-for-success,/habits-of-mind-and-resiliency-tools-for-success
84344,2019-08-26 13:28:53,The 9 Habits of Mind for Powerful Writing,the-9-habits-of-mind-for-powerful-writing,/the-9-habits-of-mind-for-powerful-writing
84348,2019-08-30 13:33:38,Newsletters,newsletters,/newsletters
84361,2019-09-03 16:58:52,Blogs by Scott Wright,blogs-by-scott-wright,/blogs-by-scott-wright
8,2019-05-27 07:49:54,Shop,shop,/shop
9,2019-05-27 07:49:54,Cart,cart,/cart
10,2019-05-27 07:49:54,Checkout,checkout,/checkout
28,2019-05-27 07:49:54,My account,my-account,/my-account
29,2019-05-27 07:51:01,Blog,blog,/blog
30,2019-05-27 07:51:01,Homepage,homepage,/homepage
345,2014-05-07 11:56:49,Habits of Mind Quotes,hom-quotes,/hom-quotes
360,2014-05-07 12:26:13,Privacy Policy,privacy-statement,/privacy-statement
362,2014-05-07 12:27:06,Terms of Use,terms-conditions,/terms-conditions
384,2014-05-09 00:58:53,Quotes About Habits in General,quotes-habits,/quotes-habits
386,2014-05-09 01:02:44,Modeling Habits of Mind,modeling-hom,/modeling-hom
388,2014-05-09 01:04:14,Persisting,1-persisting,/1-persisting
390,2014-05-09 01:05:32,Managing Impulsivity,2-managing-impulsivity,/2-managing-impulsivity
392,2014-05-09 01:10:08,Listening with Understanding and Empathy,3-listening-understanding-empathy,/3-listening-understanding-empathy
413,2014-05-13 19:40:50,Thinking Flexibly,4-thinking-flexibly,/4-thinking-flexibly
415,2014-05-13 19:41:43,Thinking About Thinking (Metacognition),5-thinking-thinking-metacognition,/5-thinking-thinking-metacognition
417,2014-05-13 19:42:20,Striving for Accuracy,6-striving-accuracy,/6-striving-accuracy
419,2014-05-13 19:43:03,Questioning and Posing Problems,7-questioning-posing-problems,/7-questioning-posing-problems
421,2014-05-13 19:43:56,Applying Past Knowledge,8-applying-past-knowledge,/8-applying-past-knowledge
423,2014-05-13 19:44:39,Thinking and Communicating with Clarity and Precision,9-thinking-communicating-clarity,/9-thinking-communicating-clarity
425,2014-05-13 19:45:41,Gathering Data Through All Senses,10-gathering-data-senses,/10-gathering-data-senses
427,2014-05-13 19:46:29,"Creating, Imagining, Innovating",11-creating-imagining-innovating,/11-creating-imagining-innovating
429,2014-05-13 19:47:30,Responding with Wonderment and Awe,12-responding-wonderment-awe,/12-responding-wonderment-awe
431,2014-05-13 19:48:25,Taking Responsible Risks,13-taking-responsible-risks,/13-taking-responsible-risks
433,2014-05-13 19:49:09,Finding Humor,14-finding-humor,/14-finding-humor
449,2014-05-16 23:59:21,Thinking Interdependently,15-thinking-interdependently,/15-thinking-interdependently
451,2014-05-17 00:01:23,Remaining Open to Continuous Learning,16-remaining-open-continuous-learning,/16-remaining-open-continuous-learning
895,2014-09-29 22:37:55,Articles and Blogs,articles-research-blogs,/articles-research-blogs
2897,2018-02-04 18:28:09,Virtual Tours,25th-anniversary-virtual-tours,/25th-anniversary-virtual-tours
84966,2020-01-24 21:07:24,"Special Education and Habits of Mind: Series by Daniel Vollrath, Ed.D.",special-education-and-habits-of-mind-series-by-daniel-vollrath-ed-d,/special-education-and-habits-of-mind-series-by-daniel-vollrath-ed-d
85022,2020-01-29 19:11:52,What Are The Habits of Mind?,what-are-habits-of-mind,/what-are-habits-of-mind
85984,2020-03-12 23:31:30,Research,research,/research
86081,2020-04-16 20:23:03,Author Index A-Z,author-index-a-z,/author-index-a-z
86626,2020-07-30 22:43:21,Cambodia Certified Schools,cambodia-certified-schools,/cambodia-certified-schools
86709,2020-09-17 19:41:20,Content Disclaimer,content-disclaimer,/content-disclaimer
87036,2021-02-09 04:24:28,Elementary Reading List,elementary-reading-list,/elementary-reading-list
87045,2021-02-09 06:05:12,Middle School Reading List,middle-school-reading-list,/middle-school-reading-list
87064,2021-02-14 03:51:54,High School Reading List,high-school-reading-list,/high-school-reading-list
87155,2021-03-19 23:05:54,Brazil – Certified Schools,brazil-certified-schools,/brazil-certified-schools
87193,2021-04-09 22:47:15,Better Listening on Social Media,better-listening-on-social-media,/better-listening-on-social-media
87407,2021-08-10 03:28:06,Animations,animations,/animations
87586,2021-10-01 20:09:55,Developing Your Child\,developing-your-childs-habits-of-success-in-school-life-and-work,/developing-your-childs-habits-of-success-in-school-life-and-work
87677,2021-11-22 01:05:22,Exploring the Relationship Between Social-Emotional Competencies and Student Outcomes in Online Learning Environments,exploring-the-relationship-between-social-emotional-competencies-and-student-outcomes-in-online-learning-environments,/exploring-the-relationship-between-social-emotional-competencies-and-student-outcomes-in-online-learning-environments
87821,2021-12-10 21:17:29,Exploring Adult Basic Education Student Satisfaction: Influencing Factors and Programmatic Responses,exploring-adult-basic-education-student-satisfaction-influencing-factors-and-programmatic-responses,/exploring-adult-basic-education-student-satisfaction-influencing-factors-and-programmatic-responses
88846,2022-02-04 16:14:56,Action Research in Mathematics: Providing Metacognitive Support (as a Heutagogical Technique) to Grade 3 Students,action-research-in-mathematics-providing-metacognitive-support-as-a-heutagogical-technique-to-grade-3-students,/action-research-in-mathematics-providing-metacognitive-support-as-a-heutagogical-technique-to-grade-3-students
90218,2022-01-21 13:41:19,Finding Humour: Laughter in Your Lesson Plans,finding-humour-laughter-in-your-lesson-plans,/finding-humour-laughter-in-your-lesson-plans
90530,2022-03-06 18:35:10,Contact,contact,/contact
92050,2022-10-02 23:32:27,Individual Practitioner Certification,individual-practitioner-certification,/individual-practitioner-certification
92073,2022-10-08 12:23:29,Brand Usage Guidelines,brand-usage-guidelines,/brand-usage-guidelines
92185,2022-12-05 13:21:59,privacy_policy_updated,page-92185,/page-92185
92235,2022-12-12 16:47:09,FAQ - Individual Practitioner Certification,faq-individual-practitioner-certification,/faq-individual-practitioner-certification
92268,2022-12-12 18:50:08,Individual Practitioner Certification Program Enrollment Form,individual-practitioner-certification-program-enrollment-form,/individual-practitioner-certification-program-enrollment-form
92806,2023-06-19 16:04:31,Certified Individual Practitioners,certified-individual-practitioners,/certified-individual-practitioners
93380,2023-12-04 16:08:20,2025 Habits of Mind Conference,habits-of-mind-conference,/habits-of-mind-conference
93471,2023-12-15 15:38:30,The Impact of Habits of Mind (HoM)–based  Strategies on Enhancing EFL Writing Skills and Self- Efficacy for Preparatory School Pupils,enhancing-efl-writing-skills,/enhancing-efl-writing-skills
93573,2024-01-10 13:12:46,Badge 3 Exit Form,badge-3-exit-form,/badge-3-exit-form
93632,2024-01-10 14:47:57,Badge 2 Exit Form,badge-2-exit-form,/badge-2-exit-form
93644,2024-01-10 14:53:42,Badge 1 Exit Form,badge-1-exit-form,/badge-1-exit-form
93655,2024-01-19 13:20:12,Habits of Mind Content Submission Form,content-submission,/content-submission
93667,2024-01-19 13:25:54,Habits of Mind Interview Request Form,interview-request,/interview-request
93781,2024-02-23 14:37:54,2025 Conference Registration Policy,conference-registration-policy,/conference-registration-policy
93792,2024-03-08 20:49:33,Habits of Mind Conference Breakout Sessions,conference-breakout-sessions,/conference-breakout-sessions
93888,2024-03-29 14:20:31,Virtual Swag Bag,virtual-swag-bag,/virtual-swag-bag
94035,2024-04-17 14:48:09,Habits of Mind Conference Form,conference-exit-form,/conference-exit-form
94166,2024-05-29 10:46:59,Habits of Mind Consultants,habits-of-mind-consultants,/habits-of-mind-consultants
94217,2024-06-11 12:55:32,Consulting,consulting,/consulting
94222,2024-06-11 14:26:23,Habits of Mind Playbook Professional Development Package,habits-of-mind-playbook,/habits-of-mind-playbook
94287,2024-06-14 16:30:44,Habits of Mind Blog,habits-of-mind-blog,/habits-of-mind-blog
94404,2024-07-01 15:09:26,Elementor #94404,elementor-94404,/elementor-94404
94633,2024-10-18 12:10:09,Newsletter,newsletter-3,/newsletter-3
94651,2024-11-05 15:10:55,Habits of Mind Learning Communities of Excellence,habits-of-mind-learning-communities-of-excellence,/habits-of-mind-learning-communities-of-excellence
94654,2024-11-05 14:42:20,How to Become a Habits of Mind Certified School,how-to-become-a-habits-of-mind-certified-school,/how-to-become-a-habits-of-mind-certified-school
94928,2025-01-22 16:49:06,Planning Your Trip to the IHOM Conference!,planning-your-trip-to-the-ihom-conference,/planning-your-trip-to-the-ihom-conference
