id,date,title,slug,excerpt,content_length
2134,2016-12-13 18:34:57,New eBook Release!,new-ebook-release,,1136
2136,2016-12-13 18:44:55,Join the Virtual Tours of IHOMCLE,what-is-an-international-habits-of-mind-community-of-excellence,,1226
2270,2016-12-20 14:43:25,Leading Personalizing Learning: ASCD CEL 2016 Reflection,leading-personalizing-learning-ascd-cel-2016-reflection,,6115
2305,2017-01-02 01:51:10,Save the Date!,save-the-date,,436
2316,2017-01-06 18:12:35,"January 17th, 2016 - Webinar: Personalized Learning with Habits of Mind",webinar-personalized-learning-habits-mind,,2608
2329,2017-01-09 15:32:11,Introduction to Habits of Mind by South Fayette Middle School,introduction-habits-mind-south-fayette-middle-school,,2308
2358,2017-01-24 13:15:01,Allison Zmuda and Bena Kallick webinar on their new book Students at the Center: Personalized Learning with Habits of Mind,allison-zmuda-bena-kallick-webinar-new-book-students-center-personalized-learning-habits-mind,,2743
2407,2017-02-07 02:26:03,Join a virtual tour of Montecito Union Public Schools!,join-virtual-tour-montecito-union-public-schools,,140
2433,2017-03-02 12:12:08,Join a Virtual Tour of Parkwood Elementary,join-virtual-tour-parkwood-elementary,,215
2483,2017-04-02 13:22:39,Join a Virtual Tour of Furr High School!,join-virtual-tour-furr-high-school,,204
2518,2017-05-03 16:46:52,Join a Virtual Tour of Todd Elementary School,join-virtual-tour-todd-elementary-school,,257
2581,2017-06-08 02:18:25,Join a Virtual Tour of Coal Creek Elementary School!,join-virtual-tour-coal-creek-elementary-school,,270
2642,2017-06-28 11:07:24,"New Blog Post! ""Writing with the Habits of Mind""",new-blog-post-writing-habits-mind,,1708
2654,2017-07-17 12:44:40,Join a Virtual Tour of South Fayette Middle School!,southfayettemiddleschool,,152
2712,2017-09-26 13:01:05,Join a Virtual Tour of South Fayette Elementary School!,join-virtual-tour-south-fayette-elementary-school,,238
2728,2017-10-10 23:58:49,New Blog Post: Dr. Bena Kallick on Using Animation to Teach Habits like ‘Persisting’,new-blog-post-dr-bena-kallick-using-animation-teach-habits-like-persisting,,1005
2743,2017-10-20 11:53:42,Join a Virtual Tour of South Fayette High School School!,join-virtual-tour-south-fayette-high-school-school,,239
2757,2017-11-01 15:42:54,Join a Virtual Tour of Geraldine Kindergarten!,join-virtual-tour-geraldine-kindergarten,,254
2760,2017-11-01 13:28:48,"New Blog Series by Nick Bruski, Ed.D.!",new-blog-series-nick-bruski-ed-d,,1795
2798,2017-11-07 12:48:32,"New Blog Post by Daniel Vollrath, Ed.D.!",new-blog-post-daniel-vollrath-ed-d,,1636
2825,2017-12-14 12:37:54,Building Community with the Habits of Mind,building-community-habits-mind,,1313
2830,2017-12-14 13:30:39,Creating a Symbolic Heart for the Habits of Mind on Your Campus,creating-symbolic-heart-habits-mind-campus,,1049
2870,2018-02-04 13:28:08,Join The Habits Of Mind 25th Anniversary Time Capsule Celebration!,join-habits-mind-25th-anniversary-time-capsule-celebration,,1090
27,2019-05-27 07:42:39,Hello world!,hello-world,,139
2134,2016-12-13 18:34:57,New eBook Release!,new-ebook-release,,1136
2270,2016-12-20 14:43:25,Leading Personalizing Learning: ASCD CEL 2016 Reflection,leading-personalizing-learning-ascd-cel-2016-reflection,,6115
2305,2017-01-02 01:51:10,Save the Date!,save-the-date,,436
2316,2017-01-06 18:12:35,"January 17th, 2016 - Webinar: Personalized Learning with Habits of Mind",webinar-personalized-learning-habits-mind,,2608
2329,2017-01-09 15:32:11,Introduction to Habits of Mind by South Fayette Middle School,introduction-habits-mind-south-fayette-middle-school,,2308
2642,2017-06-28 11:07:24,"New Blog Post! ""Writing with the Habits of Mind""",new-blog-post-writing-habits-mind,,1708
2760,2017-11-01 13:28:48,"New Blog Series by Nick Bruski, Ed.D.!",new-blog-series-nick-bruski-ed-d,,1795
2798,2017-11-07 12:48:32,"New Blog Post by Daniel Vollrath, Ed.D.!",new-blog-post-daniel-vollrath-ed-d,,1636
2825,2017-12-14 12:37:54,Building Community with the Habits of Mind,building-community-habits-mind,,1313
2830,2017-12-14 13:30:39,Creating a Symbolic Heart for the Habits of Mind on Your Campus,creating-symbolic-heart-habits-mind-campus,,1049
2270,2016-12-20 14:43:25,Leading Personalizing Learning: ASCD CEL 2016 Reflection,leading-personalizing-learning-ascd-cel-2016-reflection,,5986
2316,2017-01-06 18:12:35,"January 17th, 2016 - Webinar: Personalized Learning with Habits of Mind",webinar-personalized-learning-habits-mind,,2604
2358,2017-01-24 13:15:01,Allison Zmuda and Bena Kallick webinar on their new book Students at the Center: Personalized Learning with Habits of Mind,allison-zmuda-bena-kallick-webinar-new-book-students-center-personalized-learning-habits-mind,,2783
2407,2017-02-07 02:26:03,Join a Virtual Tour of Montecito Union Public Schools,join-virtual-tour-montecito-union-public-schools,,140
2757,2017-11-01 15:42:54,Join a Virtual Tour of Geraldine Kindergarten,join-virtual-tour-geraldine-kindergarten,,256
2870,2018-02-04 13:28:08,Join The Habits Of Mind 25th Anniversary Time Capsule Celebration!,join-habits-mind-25th-anniversary-time-capsule-celebration,,1101
84539,2018-10-25 20:19:12,The Power of Reflection - Metacognitive Awareness,the-power-of-reflection-metacognitive-awareness,,13856
84545,2018-11-27 20:25:21,Exploration with the Habits of Mind,exploration-with-the-habits-of-mind,,11940
84548,2018-12-22 20:26:44,Building Community with the Habits of Mind,building-community-with-the-habits-of-mind,,8200
84552,2019-01-14 20:36:11,Self Confidence with the Habits of Mind,self-confidence-with-the-habits-of-mind,,9595
84555,2019-02-15 20:38:27,Subject-Based Habits of Mind,subject-based-habits-of-mind,,15069
84561,2019-03-12 20:51:19,Teacher Perceptions on Infusing Habits of Mind,teacher-perceptions-on-infusing-habits-of-mind,,12111
84563,2019-08-26 21:11:56,The 9 Habits of Mind for Powerful Writing,the-9-habits-of-mind-for-powerful-writing,,7618
84572,2019-12-14 00:41:22,Looking Back to Look Forward,looking-back-to-look-forward,,11027
84593,2019-12-20 18:36:10,When Teachers Become Solutions to The Problems Schools Face,when-teachers-become-solutions-to-the-problems-schools-face,,18773
84599,2019-12-20 18:25:54,What have you failed today?: Strategies on how to deal with our bad days,what-have-you-failed-today-strategies-on-how-to-deal-with-our-bad-days,,7784
84606,2019-12-20 18:33:47,Two Educational Leadership Frameworks: A Toolbelt and a Pair of Glasses,two-educational-leadership-frameworks-a-toolbelt-and-a-pair-of-glasses,,7156
84683,2015-04-15 21:56:07,DECLARATION ON EDUCATION FOR LIFE:  Creating a Global Groundswell for Real Learning,declaration-on-education-for-life-creating-a-global-groundswell-for-real-learning,,2944
84687,2013-08-16 03:31:30,Infusing Robotics Curriculum with Essential Life Skills,infusing-robotics-curriculum-with-essential-life-skills,,20438
84697,2014-09-16 03:37:18,Cultivating the Habits of Mind Online for the Adult Learner: An Andragogical Perspective,cultivating-the-habits-of-mind-online-for-the-adult-learner-an-andragogical-perspective,,47441
84702,2019-01-16 04:13:57,Developing Self-Directed Teacher Leaders Using Habits of Mind,developing-self-directed-teacher-leaders-using-habits-of-mind,,16883
84707,2019-08-26 20:56:51,"Building a ""Noticing Notebook""",building-a-noticing-notebook,,4246
84711,2018-11-16 21:27:51,Mind over Matter: Overcoming Learning Obstacles by Building Habits of Mind,mind-over-matter-overcoming-learning-obstacles-by-building-habits-of-mind,,8767
84717,2019-08-17 21:44:36,Habits of Mind and Resiliency: Tools for Success,habits-of-mind-and-resiliency-tools-for-success,,10136
84723,2020-01-17 22:00:31,Stepping to the Upstairs Brain with Habits of Mind,stepping-to-the-upstairs-brain-with-habits-of-mind,,8840
84736,2018-07-18 03:04:15,Setting the Record Straight on Growth Mindset,setting-the-record-straight-on-growth-mindset,,2583
84740,2018-07-25 03:05:14,Setting the Record Straight on Growth Mindset: Part 2,setting-the-record-straight-on-growth-mindset-part-2,,2047
84747,2017-11-14 03:23:55,Adding Personalized Learning to Our Annual Writing Project,adding-personalized-learning-to-our-annual-writing-project,,2566
84754,2017-10-17 03:35:31,Using Animation to Teach Habits like 'Persisting',using-animation-to-teach-habits-like-persisting,,1522
84759,2014-09-18 03:49:03,An Inclusive Approach to a Reading and Writing Workshop with the Habits of Mind,an-inclusive-approach-to-a-reading-and-writing-workshop-with-the-habits-of-mind,,12577
84765,2017-05-16 04:29:43,EPIC Update: A Day in the Life of a Learner,epic-update-a-day-in-the-life-of-a-learner,,1832
84769,2014-10-01 05:19:35,School Transformation in the 21st Century,school-transformation-in-the-21st-century,,4412
84774,2014-07-15 05:20:40,Habits for Success in School and Life,habits-for-success-in-school-and-life,,1594
84777,2014-05-07 05:34:20,Four Steps Down The Road for Success with CCSS,four-steps-down-the-road-for-success-with-ccss,,4581
84784,2014-05-07 06:04:58,Habits of Mind: Dispositions of Success,habits-of-mind-dispositions-of-success,,10614
84790,2016-03-08 06:29:12,Striving for Accuracy and Precision,striving-for-accuracy-and-precision,,3713
84796,2018-03-01 18:31:03,Persisting,persisting,,4245
84799,2019-01-28 18:42:00,Listening with Understanding and Empathy,listening-with-understanding-and-empathy,,4219
84802,2019-01-28 19:03:11,Thinking Flexibly,thinking-flexibly,,4869
84807,2019-01-28 19:23:35,Metacognition: Monitoring Your Thinking,metacognition-monitoring-your-thinking,,5132
84814,2019-01-28 19:54:25,Managing Impulsivity,managing-impulsivity,,7489
84822,2019-01-28 20:37:19,Questioning	and	Problem Posing,questioningandproblem-posing,,7014
84834,2019-01-28 21:15:19,Applying Past Knowledge to New Situations,applying-past-knowledge-to-new-situations,,5090
84839,2019-01-28 21:49:26,Thinking and Communicating with Clarity and Precision,thinking-and-communicating-with-clarity-and-precision,,4375
84848,2019-01-28 22:19:30,Gathering Data Through All Senses,gathering-data-through-all-senses,,5888
84853,2019-01-28 22:36:21,"Creating, Imagining and Innovating",creating-imagining-and-innovating,,5458
84858,2019-01-28 03:21:30,Responding with Wonderment and Awe,responding-with-wonderment-and-awe,,5069
84863,2019-01-28 03:40:11,Taking Responsible Risks,taking-responsible-risks,,5283
84868,2019-01-28 03:59:35,Finding Humor,finding-humor,,3968
84873,2019-01-28 04:17:34,Thinking Interdependently,thinking-interdependently,,5328
84878,2019-01-28 04:43:04,Remaining Open to Continuous Learning,remaining-open-to-continuous-learning,,4140
84884,2017-10-30 00:56:29,Is 16 Habits Too Many?,is-16-habits-too-many,,5541
84889,2017-10-30 00:55:46,Creating a Symbolic Heart for the Habits of Mind on Your Campus,creating-a-symbolic-heart-for-the-habits-of-mind-on-your-campus,,5266
84897,2017-10-30 00:34:03,"When Communities are Struck by Disaster, Habits of Mind are More Important than Ever",when-communities-are-struck-by-disaster-habits-of-mind-are-more-important-than-ever,,9060
84917,2018-04-05 05:17:37,Why Habits of Mind and Special Education?,why-habits-of-mind-and-special-education,,13196
84922,2018-05-31 18:41:40,Executive Functioning with Diverse Learners in the Classroom,executive-functioning-with-diverse-learners-in-the-classroom,,18478
84928,2018-07-10 20:01:02,Who Are the Learners in Our Executive Functioning Classroom?,who-are-the-learners-in-our-executive-functioning-classroom,,23938
84934,2018-09-25 20:08:27,"Individuals First, Learners Second",individuals-first-learners-second,,7845
84941,2018-11-01 21:30:47,Small Wins for Growing Habits and Skills with Diverse Learners,small-wins-for-growing-habits-and-skills-with-diverse-learners,,12806
84946,2019-01-19 00:41:58,"""Bite-Size"" to ""Full-Size"" Learners",bite-size-to-full-size-learners,,12776
84952,2019-03-18 17:44:57,Hurdling Resilience through Habits of Mind,hurdling-resilience-through-habits-of-mind,,12233
84959,2019-05-15 19:31:39,Habits of Mind in a World Full of Technological Distractions,habits-of-mind-in-a-world-full-of-technological-distractions,,19045
85152,2020-02-15 23:29:19,Break the Humour Code: Laugh and the Class Learns With You,break-the-humour-code-laugh-and-the-class-learns-with-you,,7559
85157,2020-02-12 19:36:55,Using Habits of Mind to Ensure the School Culture is a Supportive One,using-habits-of-mind-to-ensure-the-school-culture-is-a-supportive-one,,43920
85396,2020-02-21 18:14:57,The Habits of Mind Strengths Map at Mason City Schools,the-habits-of-mind-strengths-map-at-mason-city-schools,,4075
85404,2020-02-21 18:17:20,After the Conference: Developing Personal and Practical Knowledge,after-the-conference-developing-personal-and-practical-knowledge,,7681
85955,2020-03-11 02:15:27,"WonderGrove Animated Lessons: Wash Your Hands, Cover Your Mouth",wondergrove-animated-lessons-wash-your-hands-cover-your-mouth,,1389
86014,2020-03-13 19:04:14,Thinking Flexibly in the COVID-19 Crisis: Continuing to Grow Learning Practices in a Time of Uncertainty,thinking-flexibly-in-the-covid-19-crisis-continuing-to-grow-learning-practices-in-a-time-of-uncertainty,,6122
86020,2020-03-24 21:05:37,"Learning at Home: Tips, Tricks and Opportunities for Critical and Creative Thinking",learning-at-home-tips-tricks-and-opportunities-for-critical-and-creative-thinking,,7225
86028,2020-03-29 03:39:21,Featuring Communication with Schools and Families,featuring-communication-with-schools-and-families,,8128
86037,2020-03-29 03:38:38,How Habits of Mind Helped Keep Me A Little More Balanced,how-habits-of-mind-helped-keep-me-a-little-more-balanced,,3887
86043,2020-03-29 03:37:44,Harnessing the Power of Metacognition in Fragile Times,harnessing-the-power-of-metacognition-in-fragile-times,,5025
86078,2020-04-17 21:32:40,Leaning on Habits of Mind in Times of Fear and Uncertainty,leaning-on-habits-of-mind-in-times-of-fear-and-uncertainty,,8384
86123,2020-04-18 21:35:18,Resources for Home Learning,resources-for-home-learning,,9390
86132,2020-04-19 15:49:16,Leading in the VUCA World: Not Much Has Changed,leading-in-the-vuca-world-not-much-has-changed,,4465
86137,2020-04-20 03:33:33,Mediating Uncertainty with Patient Inquiry,mediating-uncertainty-with-patient-inquiry,,9827
86143,2020-04-18 22:29:53,Leveraging The Habits of Mind In The Midst of Disruption,leveraging-the-habits-of-mind-in-the-midst-of-disruption,,11966
86273,2020-04-23 03:01:09,New Rule:  Navigate VUCA with Habits of Mind,new-rule-navigate-vuca-with-habits-of-mind,,10110
86280,2020-04-27 14:46:04,An Intersection of Adult Education with Habits of Mind,an-intersection-of-adult-education-with-habits-of-mind,,8206
86286,2020-04-27 14:45:18,Teaching Habits of Mind Through a Picture Book,teaching-habits-of-mind-through-a-picture-book,,5880
86299,2020-04-26 00:04:27,Leading in a VUCA World,leading-in-a-vuca-world,,12567
86356,2020-05-11 16:59:50,Co-Creation Readiness: Tapping Different Perspective to Deepen Understanding and Inform Decisions,co-creation-readiness-tapping-different-perspective-to-deepen-understanding-and-inform-decisions,,18925
86388,2019-09-03 18:23:44,Habits of Mind: What You Need to Know Before You Start,habits-of-mind-what-you-need-to-know-before-you-start,,3821
86394,2019-09-03 20:07:27,Leading Growth Mindsets: Setting Up for Success,leading-growth-mindsets-setting-up-for-success,,4990
86397,2018-06-06 20:22:02,Insights Into Habits of Mind,insights-into-habits-of-mind,,2193
86401,2018-06-19 20:33:52,Success with Habits of Mind: Three Important Lessons,success-with-habits-of-mind-three-important-lessons,,2407
86404,2018-06-19 20:48:24,The Agile Learner,the-agile-learner,,3051
86409,2018-06-01 21:05:24,Succeeding with Habits of Mind Blog,succeeding-with-habits-of-mind-blog,,3281
86424,2014-09-10 21:32:29,Animating All Students,animating-all-students,,2080
86429,2019-08-11 21:59:01,16 Habits of Mind Fostering Successful Language Learning,16-habits-of-mind-fostering-successful-language-learning,,2156
86434,2019-08-11 01:36:14,Musicals Foster Habits of Mind,musicals-foster-habits-of-mind,,2585
86451,2020-05-26 20:32:32,The Coach's Dilemma,the-coachs-dilemma,,6961
86454,2020-05-26 20:33:19,Helping Your Child to Persist,helping-your-child-to-persist,,5051
86467,2020-06-01 03:47:12,Redefining Coaching in the  Science Classroom,redefining-coaching-in-the-science-classroom,,16491
86482,2020-06-01 03:42:40,Broadening our Coaching Model,broadening-our-coaching-model,,5765
86487,2020-06-01 03:46:20,Coaching Learners to Bolster Engagement and Action,coaching-learners-to-bolster-engagement-and-action,,7291
86493,2020-06-01 03:45:08,Integrating SEL into Our New Normal,integrating-sel-into-our-new-normal,,9672
86501,2020-06-01 17:10:52,"How to Coach for Thinking, Not Imitation",how-to-coach-for-thinking-not-imitation,,4285
86506,2020-05-22 17:01:23,A Note to the Habits of Mind Community,a-note-to-the-habits-of-mind-community,,6281
86511,2020-04-05 17:12:45,Curriculum Triage: How do we manage the instructional challenge right now?,curriculum-triage-how-do-we-manage-the-instructional-challenge-right-now,,4651
86515,2020-03-29 17:20:53,Turning to the Habits of Mind in a Time of Crisis,turning-to-the-habits-of-mind-in-a-time-of-crisis,,4466
86530,2020-07-11 16:37:02,Does Your Feedback Help or Hinder Learning? An Inquiry into Effective Feedback,does-your-feedback-help-or-hinder-learning-an-inquiry-into-effective-feedback,,9802
86535,2020-07-11 16:38:55,Keeping Special Education Students Motivated: Tips and Tricks,keeping-special-education-students-motivated-tips-and-tricks,,12538
86540,2020-07-11 16:39:30,Keeping Students With Learning Disabilities Motivated at Home,keeping-students-with-learning-disabilities-motivated-at-home,,8954
86553,2020-07-18 01:46:41,Culinary Arts Using a Curricular Approach Lens,culinary-arts-using-a-curricular-approach-lens,,6401
86561,2020-07-16 02:57:02,Leading With Habits of Mind in Mind: Positive Thoughts During Unprecedented Times,leading-with-habits-of-mind-in-mind-positive-thoughts-during-unprecedented-times,,7077
86567,2020-07-18 01:48:15,Musicals that Support “Persisting” Habit,musicals-that-support-persisting-habit,,7708
86574,2020-07-18 01:47:49,Music and the 16 Habits of Mind: Persisting and More,music-and-the-16-habits-of-mind-persisting-and-more,,5743
86668,2020-09-15 16:00:09,Teaching Habits of Mind is Not Enough,teaching-habits-of-mind-is-not-enough,,4769
86675,2020-09-15 15:55:03,How the Habits of Mind Become a Shared Language of Learning,how-the-habits-of-mind-become-a-shared-language-of-learning,,6093
86684,2020-09-15 15:53:00,The Tipping Point for Succeeding with Habits of Mind,the-tipping-point-for-succeeding-with-habits-of-mind,,5686
86696,2020-09-15 15:49:05,Your Whole School Approach To Habits of Mind,your-whole-school-approach-to-habits-of-mind,,6464
86718,2020-09-19 18:16:07,Tuning Into Our Inner Voice,tuning-into-our-inner-voice,,5663
86729,2020-09-25 17:20:11,How to Develop Habits for Success: Q&A with Ajay Mathur,how-to-develop-habits-for-success-qa-with-ajay-mathur,,1476
86735,2020-09-23 20:03:37,Reflecting About the Internal Chatter: Thinking About Your Thinking,reflecting-about-the-internal-chatter-thinking-about-your-thinking,,4792
86748,2020-10-07 18:18:12,A Journey Toward a Culture of Civility,a-journey-toward-a-culture-of-civility,,4775
86753,2020-10-07 18:23:28,Investing in the Citizens We Want,investing-in-the-citizens-we-want,,3364
86761,2020-10-07 22:54:08,“We are Better Together Than Apart” — An Interview with Superintendent Greg Hutchings,we-are-better-together-than-apart-an-interview-with-superintendent-greg-hutchings,,2026
86766,2020-10-07 22:29:17,Three Interrelated Keys to Greater Student Engagement and Deeper Learning,three-interrelated-keys-to-greater-student-engagement-and-deeper-learning,,33938
86791,2020-10-08 20:17:15,Restorative Discipline: Using Habits of Mind to Resolve Conflict and Restore Relationships,restorative-discipline-using-habits-of-mind-to-resolve-conflict-and-restore-relationships,,5765
86797,2020-10-09 23:59:58,"How do we deal with race, pandemic, international conflict, and other contemporary issues?",how-do-we-deal-with-race-pandemic-international-conflict-and-other-contemporary-issues,,6187
86819,2020-11-09 22:33:44,"Thank You, John, For Sharing Gratitude",sharing-gratitude-thank-you-john,,7589
86827,2020-11-09 22:32:36,Deepening the Disposition of Gratitude,deepening-the-disposition-of-gratitude,,2909
86832,2020-11-09 22:30:33,With an Attitude of Gratitude,with-an-attitude-of-gratitude,,8141
86841,2020-11-09 22:28:51,Gratitude for Leadership and a Cohesive Community,gratitude-for-leadership-and-a-cohesive-community,,6438
86845,2020-11-10 01:45:37,Expressing Gratitude for the Habits of Mind,expressing-gratitude-for-the-habits-of-mind,,5132
86853,2020-11-11 20:17:37,Gratitude: Sustaining Hope in the Midst of Turmoil,gratitude-sustaining-hope-in-the-midst-of-turmoil,,5425
86889,2020-12-10 18:37:24,Personal Reflective Journaling,personal-reflective-journaling,,9992
86897,2020-12-15 22:33:06,Holiday Reflection as 2020 Comes to a Close,holiday-reflection-as-2020-comes-to-a-close,,3575
86928,2021-01-08 19:37:33,Establishing a Three-Way Relationship in Service of Deeper Learning,establishing-a-three-way-relationship-in-service-of-deeper-learning,,11739
86990,2021-02-01 19:49:50,How to Listen with Understanding and Empathy: Who Is the Spotlight Shining On?,how-to-listen-with-understanding-and-empathy-who-is-the-spotlight-shining-on,,6833
86997,2021-02-04 16:03:14,Empathy in This Moment,empathy-in-this-moment,,6016
87021,2021-02-05 22:53:14,Learning Empathy with Compassion Projects,learning-empathy-with-compassion-projects,,4721
87051,2021-02-10 20:41:24,Empathy is Foundational During Our Current Uncertainty,empathy-is-foundational-during-our-current-uncertainty,,5473
87377,2021-08-10 03:00:05,Discover the 16 Habits of Mind,discover-the-16-habits-of-mind,,1885
87381,2021-08-10 03:02:02,It’s Time to Hyperfocus!,its-time-to-hyperfocus,,1803
87383,2021-08-10 03:15:50,De-escalation with Habits of Mind,de-escalation-with-habits-of-mind,,2029
87387,2021-08-10 03:04:28,The Balcony View,the-balcony-view,,1838
87390,2021-08-10 03:13:27,The Launch Pad for Success,the-launch-pad-for-success,,1801
87448,2021-08-13 15:08:54,Be a Thermostat Not a Thermometer,be-a-thermostat-not-a-thermometer,,7964
87498,2021-08-21 08:00:45,The Depth Behind Icebreakers,the-depth-behind-icebreakers,,6302
87610,2021-10-08 19:31:15,Four Ways to Bring Your Authentic Self to School,four-ways-to-bring-your-authentic-self-to-school,,6428
87639,2021-10-31 15:29:32,Entering a School with Music: A Place to Practice Habits of Mind,entering-a-school-with-music-a-place-to-practice-habits-of-mind,,8180
87783,2021-11-24 23:15:14,Cultivating Cultural Competence through Cross- Cultural Collaborations,cultivating-cultural-competence-through-cross-cultural-collaborations,,10429
91868,2022-12-05 13:01:50,Building a Classroom Culture with Empathy in Mind,building-a-classroom-culture-with-empathy-in-mind,,5692
91902,2022-10-12 21:31:13,HoM Meets the James Webb Space Telescope,hom-meets-the-james-webb-space-telescope,,25175
92081,2022-10-11 21:02:56,5 Strategies to Improve Students’ Listening Skills,5-strategies-to-improve-students-listening-skills,,7926
92135,2022-11-01 12:59:31,Designing Curriculum with Habits of Mind,designing-curriculum-with-habits-of-mind,,5613
92784,2023-04-07 11:47:50,"Time with Teens: As Learners, and Teachers",time-with-teens-as-learners-and-teachers,,11435
92847,2023-05-30 17:04:09,Reciprocal Learning: Student and Principal,reciprocal-learning-student-and-principal,,11704
92865,2023-05-30 16:56:51,Embrace Your Inner Architect: A Fresh Take on Self-Direction,embrace-your-inner-architect-a-fresh-take-on-self-direction,,17659
92911,2023-06-16 15:11:16,Using Student Awards to Promote Self-Reflection,using-student-awards-to-promote-self-reflection,,7940
92998,2023-07-31 17:05:04,"Research Proven Back-to-School Anxiety and Coping Strategies for Students, School Staff and Family Members",research-proven-back-to-school-anxiety-and-coping-strategies-for-students-school-staff-and-family-members,,20519
93128,2023-08-19 13:13:36,Questioning & Posing Problems: Is It Okay To Make a Mistake?,questioning-posing-problems-is-it-okay-to-make-a-mistake,,2831
93323,2023-11-14 17:02:49,Tapping Into the 5 Senses to Support Students With Disabilities,tapping-into-the-5-senses-to-support-students-with-disabilities,,8458
93525,2023-12-22 13:17:30,"Emphasizing Growth, Not Grades, in Parent-Teacher Conferences",emphasizing-growth-not-grades-in-parent-teacher-conferences,,7294
93534,2024-01-24 15:04:39,Putting Habits of Mind Into Practice with Montecito Union,putting-habits-of-mind-into-practice-with-montecito-union,,6774
94070,2018-03-11 12:37:24,Teacher Perceptions on Infusing Habits of Mind,teacher-perceptions-on-infusing-habits-of-mind-2,Let\,13119
94418,2024-08-02 15:35:50,7 Habits to Boost Productivity and Well-Being in a Complex Profession,7-habits-to-boost-productivity-and-well-being-in-a-complex-profession,An article from REALTOR® Magazine written by Dan Vollrath,2411
94438,2024-08-15 11:47:24,7 Tools for Developing Purpose-Driven Students​,7-tools-for-developing-purpose-driven-students,The beginning of the school year is a great time to encourage students to plan with their future selves in mind.,5045
94482,2024-08-18 20:01:22,How to Integrate the Habits of Mind from PreK Through 12th Grade,how-to-integrate-the-habits-of-mind-from-prek-through-12th-grade,"""The Habits of Mind are not a separate curriculum. They\",3268
94577,2024-09-17 20:31:54,Poetry: Metacognitive Hero of the New,poetry-metacognitive-hero-of-the-new,Poetry itself is not a form of writing. It is a form of THOUGHT.,7573
94619,2024-10-09 17:32:46,Embracing Continuous Learning: Insights from the Habits of Mind Co-Directors,embracing-continuous-learning-insights-from-the-habits-of-mind-co-directors,"""Being a human being is to be a continuous learner. We never stop learning.""",4918
94758,2024-11-28 20:10:28,Unlocking the Power of Habits of Mind: Transformative Stories from the Individual Practitioner Pathway,unlocking-the-power-of-habits-of-mind-transformative-stories-from-the-individual-practitioner-pathway,Read powerful insights and personal stories about how the Habits of Mind have transformed their professional practices and personal lives through the Individual Practitioner Pathway,5307
94771,2024-12-05 11:34:43,Are You a Gongoozler at Heart? Cultivating Wonderment and Awe in Learning,are-you-a-gongoozler-at-heart-cultivating-wonderment-and-awe-in-learning,"Learn how fostering the habit of responding with wonderment and awe can enhance student engagement, reflection, and curiosity in the classroom.",5452
94792,2024-12-09 18:49:30,How the Habits of Mind Empower Schools Through Distributed Leadership and Co-Creation,how-the-habits-of-mind-empower-schools-through-distributed-leadership-and-co-creation, ,9240
94885,2024-12-30 16:02:55,Cultivating Thoughtful Leadership: Using Habits of Mind with Your Board of Education,cultivating-thoughtful-leadership-using-habits-of-mind-with-your-board-of-education,,10243
94959,2025-01-22 21:44:19,Embracing Radical Optimism: 2025 Habits of Mind Conference Theme,embracing-radical-optimism-2025-habits-of-mind-conference-theme,,4427
95014,2025-01-24 11:49:18,“Failure is Not Always My Fault”: A Transformative Perspective from Dana Lesperance,failure-is-not-always-my-fault-a-transformative-perspective-from-dana-lesperance,,3852
95026,2025-01-27 12:34:22,How Habits of Mind Are Turning Art Students into Science Enthusiasts,how-habits-of-mind-are-turning-art-students-into-science-enthusiasts,Science teacher Lissette Rodriguez uses a weekly sticky note activity where students reflect on how their peers helped them succeed.,5311
95045,2025-02-03 18:37:11,Applying the Habits of Mind to Hiring and Decision-Making,applying-the-habits-of-mind-to-hiring-and-decision-making,"How Habits of Mind Help Leaders Think Critically, Adapt, and Make Better Decisions",6645
95054,2025-02-10 18:04:17,How Can You Create a Purpose-Driven Classroom with the Habits of Mind?,how-can-you-create-a-purpose-driven-classroom-with-the-habits-of-mind,"""When students face a challenge, instead of seeing it as a failure, we frame it as an opportunity to apply persistence, flexibility, and problem-solving."" -- Dan Vollrath",4167
95068,2025-03-04 12:00:50,Radical Optimism at the Habits of Mind Conference: Shaping the Future Through Action,radical-optimism-at-the-habits-of-mind-conference-shaping-the-future-through-action,Embracing Uncertainty to Shape a Better Tomorrow,4020
95093,2025-03-25 19:14:12,"Leadership, Joy, and Radical Optimism: Joelle Weaver Returns to the Habits of Mind Conference",leadership-joy-and-radical-optimism-joelle-weaver-returns-to-the-habits-of-mind-conference,Practical wisdom from the front lines of educational leadership.,4380
95182,2025-06-24 15:08:55,The Habits of Mind Advantage: Why These Skills Make You More Employable in a Rapidly Changing World,the-habits-of-mind-advantage-why-these-skills-make-you-more-employable-in-a-rapidly-changing-world,"Employers across industries are seeking individuals who can think critically, collaborate effectively, adapt gracefully, and continuously learn. These are the Habits of Mind.",20487
95200,2025-06-24 15:23:05,Inside the IPP Cohort Experience: How a Small Learning Community Sparks Global Impact,inside-the-ipp-cohort-experience-how-a-small-learning-community-sparks-global-impact,"At the Institute for Habits of Mind, the Individual Practitioner Program (IPP) is intentionally designed to foster deep learning, real connection, and personal transformation.",2526
95226,2025-08-05 09:45:16,"Bringing Habits to Life: How Animated Stories Help Young Learners Practice Thinking Flexibly, Persisting, and More",bringing-habits-to-life-how-animated-stories-help-young-learners-practice-thinking-flexibly-persisting-and-more,"Young learners thrive on visuals, repetition, and storytelling. That’s why the Habits of Mind Kids animated video series is quickly becoming a go-to tool for educators and families aiming to introduce",3850
95229,2025-08-05 09:47:47,From the Inside Out: How Habits of Mind Transformed One Elementary Educator’s Teaching Practice,from-the-inside-out-how-habits-of-mind-transformed-one-elementary-educators-teaching-practice,"For Janice Mix, teaching health at the elementary level isn’t just about sharing facts, it’s about helping young learners build the skills they’ll need to thrive in and beyond the classroom. ",2537
